受付番号,トラブル内容,手配区分
SO-2503-30012,バッテリー,ジャンピング
SO-2503-30022,エンスト,レッカー
SO-2503-30090,事故,レッカー
SO-2503-30264,エンジン不始動,その他（故障）
SO-2503-30317,事故,レッカー
SO-2503-30325,バッテリー,ジャンピング
SO-2503-30326,パンク,レッカー
SO-2503-30333,その他,レッカー
SO-2503-30377,その他,レッカー
SO-2503-30387,事故,レッカー
SO-2503-30403,エンスト,レッカー
SO-2503-30443,パンク,レッカー
SO-2503-30458,インロック,インロック（ドア）
SO-2503-30578,その他,レッカー
SO-2503-30583,パンク,レッカー
SO-2503-30600,バッテリー,バッテリー販売
SO-2503-30619,パンク,レッカー
SO-2503-30638,インロック,インロック（ドア）
SO-2503-30639,パンク,レッカー
SO-2503-30658,パンク,レッカー
SO-2503-30794,その他,レッカー
SO-2503-30812,事故,レッカー
SO-2503-30839,事故,その他（事故）
SO-2503-30891,パンク,タイヤ貸し出し
SO-2503-30895,その他,レッカー
SO-2503-31085,エンスト,レッカー
SO-2503-31112,事故,レッカー
SO-2503-31156,その他,レッカー
SO-2503-31179,バッテリー,ジャンピング
SO-2503-31237,スタック,スタック（無料）
SO-2503-31361,パンク,レッカー
SO-2503-31372,エンジン不始動,レッカー
SO-2503-31382,エンジン不始動,ジャンピング
SO-2503-31407,事故,レッカー
SO-2503-31428,その他,レッカー
SO-2503-31429,バッテリー,ジャンピング
SO-2503-31497,事故,"横転・転覆・落車,レッカー"
SO-2503-31511,事故,レッカー
SO-2503-31513,その他,レッカー
SO-2503-31541,バッテリー,ジャンピング
SO-2503-31598,その他,レッカー
SO-2503-31618,その他,レッカー
SO-2503-31640,その他,レッカー
SO-2503-31646,バッテリー,ジャンピング
SO-2503-31661,エンジン不始動,ジャンピング
SO-2503-31668,インロック,インロック（ドア）
SO-2503-31694,パンク,レッカー
SO-2503-31699,パンク,"スペア交換（事故）,レッカー"
SO-2503-31710,事故,レッカー
SO-2503-31728,パンク,スペア交換（事故）
SO-2503-31738,パンク,レッカー
SO-2503-31822,ガス欠,ガソリン配達（継続契約）
SO-2503-31834,バッテリー,ジャンピング
SO-2503-31870,パンク,レッカー
SO-2503-31908,事故,レッカー
SO-2503-31976,事故,"レッカー,追衝突の引き出し"
SO-2503-31980,バッテリー,ジャンピング
SO-2503-32013,パンク,レッカー
SO-2503-32123,ガス欠,ガソリン配達（新規契約）
SO-2503-32141,パンク,レッカー
SO-2503-32142,ガス欠,ガソリン配達（継続契約）
SO-2503-32199,スタック,スタック（無料）
SO-2503-32223,インロック,インロック（ドア）
SO-2503-32266,パンク,レッカー
SO-2503-32269,エンジン不始動,"レッカー,その他（故障）"
SO-2503-32370,スタック,スタック（無料）
SO-2503-32425,パンク,レッカー
SO-2503-32430,エンジン不始動,レッカー
SO-2503-32442,パンク,レッカー
SO-2503-32477,スタック,スタック（無料）
SO-2503-32550,その他,レッカー
SO-2503-32602,バッテリー,ジャンピング
SO-2503-32606,エンスト,レッカー
SO-2503-32607,事故,レッカー
SO-2503-32608,バッテリー,ジャンピング
SO-2503-32633,事故,レッカー
SO-2503-32634,バッテリー,ジャンピング
SO-2503-32637,パンク,レッカー
SO-2503-32654,パンク,レッカー
SO-2503-32675,事故,レッカー
SO-2503-32817,パンク,エア補充
SO-2503-32819,脱輪,脱輪・乗り上げ2本超
SO-2503-32833,その他,レッカー
SO-2503-33004,パンク,パンク修理
SO-2503-33010,その他,レッカー
SO-2503-33014,脱輪,"脱輪・乗り上げ1本,レッカー"
SO-2503-33048,エンジン不始動,レッカー
SO-2503-33073,その他,レッカー
SO-2503-33160,パンク,レッカー
SO-2503-33313,事故,脱輪・乗り上げ1本
SO-2503-33320,バッテリー,ジャンピング
SO-2503-33357,事故,追衝突の引き出し
SO-2503-33383,その他,レッカー
SO-2503-33499,事故,レッカー
SO-2503-33506,オーバーヒート,レッカー
SO-2503-33552,バッテリー,ジャンピング
SO-2503-33574,エンスト,レッカー
SO-2503-33659,その他,レッカー
SO-2503-33683,バッテリー,バッテリー販売
SO-2503-33701,パンク,エア補充
SO-2503-33873,事故,"追衝突の引き出し,レッカー"
SO-2503-33890,事故,レッカー
SO-2503-34054,バッテリー,ジャンピング
SO-2503-34057,パンク,スペア交換（事故）
SO-2503-34077,事故,レッカー
SO-2503-34111,パンク,レッカー
SO-2503-34124,事故,レッカー
SO-2503-34206,パンク,レッカー
SO-2503-34221,エンスト,レッカー
SO-2503-34276,事故,レッカー
SO-2503-34278,エンジン不始動,その他（故障）
SO-2503-34283,パンク,レッカー
SO-2503-34293,脱輪,脱輪・乗り上げ2本超
SO-2503-34410,バッテリー,バッテリー販売
SO-2503-34414,事故,レッカー
SO-2503-34461,エンスト,レッカー
SO-2503-34497,パンク,レッカー
SO-2503-34553,インロック,インロック（ドア）
SO-2503-34583,事故,レッカー
SO-2503-34635,その他,レッカー
SO-2503-34642,スタック,スタック（無料）
SO-2503-34739,バッテリー,ジャンピング
SO-2503-34851,事故,脱輪・乗り上げ2本超
SO-2503-34852,パンク,"レッカー,スペア交換（事故）"
SO-2503-34859,バッテリー,ジャンピング
SO-2503-34882,バッテリー,ジャンピング
SO-2503-34883,バッテリー,ジャンピング
SO-2503-34889,その他,レッカー
SO-2503-34890,バッテリー,ジャンピング
SO-2503-34905,バッテリー,ジャンピング
SO-2503-34908,バッテリー,ジャンピング
SO-2503-35121,その他,レッカー
SO-2503-35335,パンク,レッカー
SO-2503-35391,パンク,"スペア交換（事故）,レッカー"
SO-2503-35394,エンジン不始動,ジャンピング
SO-2503-35397,事故,その他（事故）
SO-2503-35404,事故,レッカー
SO-2503-35405,その他,レッカー
SO-2503-35412,エンジン不始動,ジャンピング
SO-2503-35420,オーバーヒート,レッカー
SO-2503-35423,パンク,レッカー
SO-2503-35445,パンク,エア補充
SO-2503-35567,バッテリー,ジャンピング
SO-2503-35802,バッテリー,ジャンピング
SO-2503-35804,事故,レッカー
SO-2503-35825,パンク,レッカー
SO-2503-35846,パンク,スペア交換（事故）
SO-2503-35853,バッテリー,"その他（故障）,レッカー"
SO-2503-35859,バッテリー,ジャンピング
SO-2503-35954,その他,レッカー
SO-2503-35984,事故,レッカー
SO-2503-36054,事故,"追衝突の引き出し,レッカー"
SO-2503-36105,その他,インロック（ドア）
SO-2503-36128,事故,"レッカー,追衝突の引き出し"
SO-2503-36176,事故,レッカー
SO-2503-36219,その他,レッカー
SO-2503-36317,事故,レッカー
SO-2503-36331,バッテリー,ジャンピング
SO-2503-36336,バッテリー,ジャンピング
SO-2503-36342,事故,脱輪・乗り上げ2本超
SO-2503-36369,パンク,レッカー
SO-2503-36374,事故,レッカー
SO-2503-36376,その他,レッカー
SO-2503-36382,エンジン不始動,"レッカー,その他（故障）"
SO-2503-36480,パンク,レッカー
SO-2503-36512,パンク,レッカー
SO-2503-36534,エンスト,レッカー
SO-2503-36539,オーバーヒート,レッカー
SO-2503-36605,パンク,レッカー
SO-2503-36614,事故,レッカー
SO-2503-36622,インロック,インロック（ドア）
SO-2503-36638,事故,"レッカー,その他（事故）"
SO-2503-36652,その他,レッカー
SO-2503-36753,その他,レッカー
SO-2503-36786,バッテリー,ジャンピング
SO-2503-36794,事故,レッカー
SO-2503-36796,パンク,スペア交換（事故）
SO-2503-36815,その他,レッカー
SO-2503-36915,その他,レッカー
SO-2503-36958,パンク,レッカー
SO-2503-36967,バッテリー,ジャンピング
SO-2503-36996,その他,レッカー
SO-2503-37098,パンク,レッカー
SO-2503-37129,エンスト,"その他（故障）,レッカー"
SO-2503-37162,その他,レッカー
SO-2503-37192,エンスト,レッカー
SO-2503-37193,バッテリー,ジャンピング
SO-2503-37195,インロック,インロック（ドア）
SO-2503-37216,パンク,レッカー
SO-2503-37221,バッテリー,バッテリー販売
SO-2503-37237,エンスト,レッカー
SO-2503-37281,事故,レッカー
SO-2503-37282,パンク,レッカー
SO-2503-37290,バッテリー,その他（故障）
SO-2503-37301,その他,その他（故障）
SO-2503-37479,エンスト,レッカー
SO-2503-37510,その他,レッカー
SO-2503-37522,その他,レッカー
SO-2503-37538,事故,レッカー
SO-2503-37544,エンジン不始動,ジャンピング
SO-2503-37552,バッテリー,ジャンピング
SO-2503-37622,その他,レッカー
SO-2503-37644,パンク,スペア交換
SO-2503-37697,インロック,インロック（ドア）
SO-2503-37776,事故,レッカー
SO-2503-37827,バッテリー,バッテリー販売
SO-2503-37856,バッテリー,ジャンピング
SO-2503-37869,その他,レッカー
SO-2503-37888,事故,レッカー
SO-2503-37897,バッテリー,ジャンピング
SO-2503-37911,バッテリー,ジャンピング
SO-2503-37914,その他,その他（故障）
SO-2503-37915,事故,レッカー
SO-2503-37921,エンスト,レッカー
SO-2503-37922,バッテリー,ジャンピング
SO-2503-38056,パンク,パンク修理
SO-2503-38066,パンク,レッカー
SO-2503-38107,パンク,レッカー
SO-2503-38181,パンク,レッカー
SO-2503-38220,パンク,レッカー
SO-2503-38251,バッテリー,ジャンピング
SO-2503-38304,バッテリー,ジャンピング
SO-2503-38370,エンスト,レッカー
SO-2503-38430,事故,レッカー
SO-2503-38452,エンジン不始動,ジャンピング
SO-2503-38455,バッテリー,ジャンピング
SO-2503-38464,その他,レッカー
SO-2503-38465,事故,脱輪・乗り上げ1本
SO-2503-38468,バッテリー,ジャンピング
SO-2503-38470,事故,追衝突の引き出し
SO-2503-38471,事故,レッカー
SO-2503-38485,その他,レッカー
SO-2503-38492,バッテリー,ジャンピング
SO-2503-38497,パンク,スペア交換（事故）
SO-2503-38506,事故,レッカー
SO-2503-38514,スタック,スタック（無料）
SO-2503-38556,事故,レッカー
SO-2503-38576,エンジン不始動,ジャンピング
SO-2503-38668,スタック,スタック（無料）
SO-2503-38746,バッテリー,ジャンピング
SO-2503-38878,パンク,レッカー
SO-2503-38919,その他,ジャンピング
SO-2503-38995,オーバーヒート,レッカー
SO-2503-39000,バッテリー,ジャンピング
SO-2503-39004,事故,レッカー
SO-2503-39010,バッテリー,ジャンピング
SO-2503-39015,事故,レッカー
SO-2503-39037,その他,レッカー
SO-2503-39283,エンジン不始動,ジャンピング
SO-2503-39315,その他,レッカー
SO-2503-39322,事故,レッカー
SO-2503-39337,バッテリー,レッカー
SO-2503-39368,その他,レッカー
SO-2503-39391,パンク,レッカー
SO-2503-39406,事故,レッカー
SO-2503-39425,パンク,レッカー
SO-2503-39447,事故,レッカー
SO-2503-39475,事故,レッカー
SO-2503-39502,パンク,レッカー
SO-2503-39515,事故,レッカー
SO-2503-39525,事故,レッカー
SO-2503-39532,事故,レッカー
SO-2503-39719,事故,レッカー
SO-2503-39786,事故,"レッカー,脱輪・乗り上げ2本超"
SO-2503-39807,バッテリー,レッカー
SO-2503-39837,事故,レッカー
SO-2503-39979,パンク,レッカー
SO-2503-39982,パンク,レッカー
SO-2503-40002,インロック,インロック（ドア）
SO-2503-40013,ガス欠,"ガソリン配達（継続契約）,ジャンピング"
SO-2503-40019,パンク,レッカー
SO-2503-40022,エンスト,"レッカー,その他（故障）"
SO-2503-40024,事故,その他（事故）
SO-2503-40040,事故,"レッカー,脱輪・乗り上げ2本超"
SO-2503-40047,バッテリー,ジャンピング
SO-2503-40135,エンジン不始動,ジャンピング
SO-2503-40159,事故,レッカー
SO-2503-40197,パンク,レッカー
SO-2503-40224,事故,脱輪・乗り上げ1本
SO-2503-40234,事故,レッカー
SO-2503-40286,事故,追衝突の引き出し
SO-2503-40299,エンスト,レッカー
SO-2503-40304,パンク,エア補充
SO-2503-40323,パンク,レッカー
SO-2503-40326,ガス欠,ガソリン配達（継続契約）
SO-2503-40340,パンク,レッカー
SO-2503-40387,エンジン不始動,ジャンピング
SO-2503-40393,事故,脱輪・乗り上げ1本
SO-2503-40448,事故,レッカー
SO-2503-40451,事故,"脱輪・乗り上げ2本超,レッカー"
SO-2503-40518,事故,レッカー
SO-2503-40620,その他,レッカー
SO-2503-40625,バッテリー,ジャンピング
SO-2503-40634,その他,レッカー
SO-2503-40638,事故,レッカー
SO-2503-40644,バッテリー,ジャンピング
SO-2503-40647,その他,レッカー
SO-2503-40652,バッテリー,ジャンピング
SO-2503-40665,インロック,インロック（ドア）
SO-2503-40669,その他,レッカー
SO-2503-40678,バッテリー,ジャンピング
SO-2503-40723,インロック,インロック（ドア）
SO-2503-40782,その他,レッカー
SO-2503-40787,バッテリー,"ジャンピング,インロック（ドア）"
SO-2503-40829,事故,レッカー
SO-2503-40849,事故,レッカー
SO-2503-40876,パンク,レッカー
SO-2503-40909,パンク,スペア交換（事故）
SO-2503-40916,事故,レッカー
SO-2503-40922,事故,その他（事故）
SO-2503-40995,事故,"追衝突の引き出し,レッカー"
SO-2503-41049,パンク,レッカー
SO-2503-41083,その他,レッカー
SO-2503-41085,エンジン不始動,レッカー
SO-2503-41106,オーバーヒート,レッカー
SO-2503-41137,バッテリー,ジャンピング
SO-2503-41139,その他,レッカー
SO-2503-41153,その他,レッカー
SO-2503-41155,バッテリー,ジャンピング
SO-2503-41161,事故,レッカー
SO-2503-41179,その他,ジャンピング
SO-2503-41188,その他,レッカー
SO-2503-41222,事故,レッカー
SO-2503-41232,バッテリー,ジャンピング
SO-2503-41245,バッテリー,ジャンピング
SO-2503-41342,バッテリー,ジャンピング
SO-2503-41424,事故,レッカー
SO-2503-41428,事故,レッカー
SO-2503-41429,その他,レッカー
SO-2503-41465,その他,レッカー
SO-2503-41496,エンジン不始動,レッカー
SO-2503-41563,パンク,スペア交換
SO-2503-41654,バッテリー,ジャンピング
SO-2503-41720,その他,レッカー
SO-2503-41796,バッテリー,ジャンピング
SO-2503-41821,エンジン不始動,その他（故障）
SO-2503-41834,バッテリー,ジャンピング
SO-2503-41846,エンスト,"レッカー,その他（故障）"
SO-2503-41847,事故,レッカー
SO-2503-41849,バッテリー,ジャンピング
SO-2503-41861,事故,レッカー
SO-2503-41866,パンク,レッカー
SO-2503-41887,パンク,レッカー
SO-2503-41930,パンク,レッカー
SO-2503-41941,事故,レッカー
SO-2503-42264,パンク,レッカー
SO-2503-42287,事故,レッカー
SO-2503-42367,その他,レッカー
SO-2503-42374,その他,レッカー
SO-2503-42382,事故,"レッカー,追衝突の引き出し"
SO-2503-42423,事故,"レッカー,脱輪・乗り上げ1本"
SO-2503-42425,パンク,レッカー
SO-2503-42430,パンク,レッカー
SO-2503-42440,事故,"レッカー,追衝突の引き出し"
SO-2503-42448,バッテリー,ジャンピング
SO-2503-42463,事故,レッカー
SO-2503-42466,パンク,レッカー
SO-2503-42477,パンク,レッカー
SO-2503-42492,バッテリー,ジャンピング
SO-2503-42509,インロック,インロック（ドア）
SO-2503-42566,パンク,レッカー
SO-2503-42580,その他,レッカー
SO-2503-42612,事故,"レッカー,追衝突の引き出し"
SO-2503-42656,パンク,レッカー
SO-2503-42677,その他,レッカー
SO-2503-42723,事故,レッカー
SO-2503-42767,事故,レッカー
SO-2503-42850,その他,レッカー
SO-2503-42858,事故,レッカー
SO-2503-42876,バッテリー,ジャンピング
SO-2503-42917,その他,レッカー
SO-2503-42939,エンジン不始動,レッカー
SO-2503-42985,バッテリー,ジャンピング
SO-2503-42991,事故,レッカー
SO-2503-43138,バッテリー,バッテリー販売
SO-2503-43147,その他,レッカー
SO-2503-43176,事故,レッカー
SO-2503-43191,パンク,レッカー
SO-2503-43342,パンク,スペア交換
SO-2503-43387,オーバーヒート,レッカー
SO-2503-43402,パンク,レッカー
SO-2503-43417,その他,レッカー
SO-2503-43425,バッテリー,バッテリー販売
SO-2503-43434,バッテリー,ジャンピング
SO-2503-43440,その他,レッカー
SO-2503-43443,バッテリー,ジャンピング
SO-2503-43444,事故,レッカー
SO-2503-43446,事故,レッカー
SO-2503-43448,バッテリー,ジャンピング
SO-2503-43452,エンジン不始動,ジャンピング
SO-2503-43455,バッテリー,ジャンピング
SO-2503-43490,その他,レッカー
SO-2503-43562,オーバーヒート,レッカー
SO-2503-43564,パンク,レッカー
SO-2503-43666,パンク,レッカー
SO-2503-43685,その他,レッカー
SO-2503-43714,事故,レッカー
SO-2503-43772,パンク,レッカー
SO-2503-43875,その他,レッカー
SO-2503-43898,事故,レッカー
SO-2503-43899,インロック,インロック（ドア）
SO-2503-43906,その他,レッカー
SO-2503-43908,その他,レッカー
SO-2503-43913,バッテリー,ジャンピング
SO-2503-43934,バッテリー,ジャンピング
SO-2503-43939,バッテリー,ジャンピング
SO-2503-43956,エンスト,"レッカー,その他（故障）"
SO-2503-43961,ガス欠,ガソリン配達（継続契約）
SO-2503-43972,エンスト,レッカー
SO-2503-43976,オーバーヒート,レッカー
SO-2503-43993,インロック,インロック（ドア）
SO-2503-44001,事故,レッカー
SO-2503-44081,パンク,レッカー
SO-2503-44124,その他,その他（故障）
SO-2503-44197,事故,レッカー
SO-2503-44227,事故,レッカー
SO-2503-44248,事故,レッカー
SO-2503-44271,事故,レッカー
SO-2503-44325,その他,レッカー
SO-2503-44385,バッテリー,ジャンピング
SO-2503-44388,バッテリー,ジャンピング
SO-2503-44418,事故,レッカー
SO-2503-44427,その他,レッカー
SO-2503-44428,パンク,レッカー
SO-2503-44447,パンク,スペア交換（事故）
SO-2503-44484,その他,レッカー
SO-2503-44518,事故,レッカー
SO-2503-44681,バッテリー,ジャンピング
SO-2503-44693,パンク,レッカー
SO-2503-44738,その他,レッカー
SO-2503-44741,パンク,スペア交換（事故）
SO-2503-44779,その他,レッカー
SO-2503-44796,その他,レッカー
SO-2503-44800,パンク,レッカー
SO-2503-44825,パンク,レッカー
SO-2503-44849,その他,レッカー
SO-2503-44863,その他,レッカー
SO-2503-44876,パンク,レッカー
SO-2503-44877,バッテリー,ジャンピング
SO-2503-44883,その他,レッカー
SO-2503-44888,バッテリー,ジャンピング
SO-2503-44894,パンク,スペア交換
SO-2503-44904,エンスト,ジャンピング
SO-2503-44913,事故,レッカー
SO-2503-44916,その他,レッカー
SO-2503-44928,エンジン不始動,その他（故障）
SO-2503-44945,その他,レッカー
SO-2503-45136,エンスト,レッカー
SO-2503-45307,バッテリー,ジャンピング
SO-2503-45322,事故,レッカー
SO-2503-45347,パンク,"レッカー,スペア交換（事故）"
SO-2503-45400,事故,レッカー
SO-2503-45409,事故,レッカー
SO-2503-45430,バッテリー,ジャンピング
SO-2503-45444,バッテリー,ジャンピング
SO-2503-45449,事故,"レッカー,その他（事故）"
SO-2503-45455,バッテリー,ジャンピング
SO-2503-45462,ガス欠,ガソリン配達（継続契約）
SO-2503-45466,バッテリー,ジャンピング
SO-2503-45524,バッテリー,ジャンピング
SO-2503-45580,事故,レッカー
SO-2503-45594,ガス欠,ガソリン配達（継続契約）
SO-2503-45610,エンジン不始動,その他（故障）
SO-2503-45633,スタック,スタック（無料）
SO-2503-45638,パンク,スペア交換
SO-2503-45655,バッテリー,その他（故障）
SO-2503-45759,その他,レッカー
SO-2503-45760,パンク,レッカー
SO-2503-45805,パンク,レッカー
SO-2503-45893,バッテリー,"その他（故障）,レッカー"
SO-2503-45914,パンク,"レッカー,スペア交換"
SO-2503-45945,事故,レッカー
SO-2503-45948,パンク,レッカー
SO-2503-45949,バッテリー,ジャンピング
SO-2503-45952,バッテリー,ジャンピング
SO-2503-45956,その他,レッカー
SO-2503-45959,バッテリー,ジャンピング
SO-2503-45964,バッテリー,ジャンピング
SO-2503-46064,事故,レッカー
SO-2503-46075,その他,レッカー
SO-2503-46095,事故,脱輪・乗り上げ1本
SO-2503-46097,パンク,レッカー
SO-2503-46158,パンク,レッカー
SO-2503-46301,オーバーヒート,レッカー
SO-2503-46346,パンク,レッカー
SO-2503-46371,エンジン不始動,その他（故障）
SO-2503-46431,パンク,レッカー
SO-2503-46459,バッテリー,ジャンピング
SO-2503-46463,バッテリー,ジャンピング
SO-2503-46465,バッテリー,ジャンピング
SO-2503-46475,事故,"レッカー,追衝突の引き出し"
SO-2503-46488,事故,その他（事故）
SO-2503-46498,バッテリー,ジャンピング
SO-2504-30004,バッテリー,ジャンピング
SO-2504-30100,インロック,インロック（ドア）
SO-2504-30179,その他,その他（故障）
SO-2504-30309,その他,レッカー
SO-2504-30324,その他,"レッカー,その他（故障）"
SO-2504-30330,その他,レッカー
SO-2504-30343,オーバーヒート,レッカー
SO-2504-30366,パンク,レッカー
SO-2504-30376,エンジン不始動,レッカー
SO-2504-30385,その他,レッカー
SO-2504-30387,ガス欠,ガソリン配達（新規契約）
SO-2504-30404,エンジン不始動,レッカー
SO-2504-30412,バッテリー,ジャンピング
SO-2504-30429,バッテリー,ジャンピング
SO-2504-30461,エンジン不始動,"レッカー,その他（故障）"
SO-2504-30486,事故,追衝突の引き出し
SO-2504-30532,インロック,インロック（ドア）
SO-2504-30560,その他,レッカー
SO-2504-30615,エンジン不始動,レッカー
SO-2504-30667,パンク,レッカー
SO-2504-30695,バッテリー,ジャンピング
SO-2504-30718,その他,その他（故障）
SO-2504-30728,バッテリー,バッテリー販売
SO-2504-30761,事故,レッカー
SO-2504-30788,バッテリー,ジャンピング
SO-2504-30839,その他,その他（故障）
SO-2504-30843,パンク,スペア交換（事故）
SO-2504-30852,パンク,レッカー
SO-2504-30855,事故,レッカー
SO-2504-30857,バッテリー,ジャンピング
SO-2504-30871,インロック,インロック（ドア）
SO-2504-30879,バッテリー,ジャンピング
SO-2504-30883,エンスト,"レッカー,その他（故障）"
SO-2504-30886,パンク,レッカー
SO-2504-30924,パンク,レッカー
SO-2504-30954,事故,レッカー
SO-2504-31006,その他,レッカー
SO-2504-31034,事故,レッカー
SO-2504-31130,バッテリー,ジャンピング
SO-2504-31171,パンク,レッカー
SO-2504-31178,パンク,レッカー
SO-2504-31197,パンク,レッカー
SO-2504-31203,バッテリー,ジャンピング
SO-2504-31235,その他,レッカー
SO-2504-31240,その他,レッカー
SO-2504-31245,脱輪,脱輪・乗り上げ1本
SO-2504-31257,バッテリー,ジャンピング
SO-2504-31264,その他,レッカー
SO-2504-31275,バッテリー,その他（故障）
SO-2504-31295,事故,レッカー
SO-2504-31303,ガス欠,ガソリン配達（継続契約）
SO-2504-31305,バッテリー,ジャンピング
SO-2504-31331,エンスト,レッカー
SO-2504-31351,エンジン不始動,その他（故障）
SO-2504-31440,パンク,レッカー
SO-2504-31442,エンジン不始動,レッカー
SO-2504-31452,パンク,レッカー
SO-2504-31465,事故,レッカー
SO-2504-31524,事故,"脱輪・乗り上げ2本超,レッカー"
SO-2504-31537,パンク,レッカー
SO-2504-31567,パンク,レッカー
SO-2504-31571,事故,レッカー
SO-2504-31720,事故,レッカー
SO-2504-31721,その他,レッカー
SO-2504-31731,パンク,レッカー
SO-2504-31750,その他,レッカー
SO-2504-31768,パンク,レッカー
SO-2504-31775,その他,レッカー
SO-2504-31877,バッテリー,ジャンピング
SO-2504-31928,事故,その他（事故）
SO-2504-31938,その他,レッカー
SO-2504-31941,パンク,レッカー
SO-2504-31949,事故,"追衝突の引き出し,レッカー"
SO-2504-31955,事故,レッカー
SO-2504-32068,その他,レッカー
SO-2504-32078,ガス欠,ガソリン配達（新規契約）
SO-2504-32162,事故,レッカー
SO-2504-32191,インロック,インロック（ドア）
SO-2504-32222,事故,その他（事故）
SO-2504-32256,バッテリー,ジャンピング
SO-2504-32285,オーバーヒート,レッカー
SO-2504-32299,バッテリー,ジャンピング
SO-2504-32301,その他,"レッカー,その他（故障）"
SO-2504-32317,バッテリー,ジャンピング
SO-2504-32318,バッテリー,ジャンピング
SO-2504-32329,パンク,レッカー
SO-2504-32449,事故,レッカー
SO-2504-32532,バッテリー,"レッカー,その他（故障）"
SO-2504-32571,エンジン不始動,レッカー
SO-2504-32700,バッテリー,ジャンピング
SO-2504-32783,その他,レッカー
SO-2504-32798,ガス欠,ガソリン配達（継続契約）
SO-2504-32845,ガス欠,ガソリン配達（継続契約）
SO-2504-32860,インロック,インロック（ドア）
SO-2504-32863,インロック,インロック（ドア）
SO-2504-32937,その他,レッカー
SO-2504-32995,その他,レッカー
SO-2504-33141,エンジン不始動,バッテリー販売
SO-2504-33148,バッテリー,"その他（故障）,レッカー"
SO-2504-33262,事故,"レッカー,追衝突の引き出し"
SO-2504-33324,その他,ジャンピング
SO-2504-33348,バッテリー,ジャンピング
SO-2504-33358,バッテリー,その他（故障）
SO-2504-33359,バッテリー,ジャンピング
SO-2504-33364,エンジン不始動,"その他（故障）,レッカー"
SO-2504-33448,事故,レッカー
SO-2504-33603,パンク,エア補充
SO-2504-33646,エンジン不始動,ジャンピング
SO-2504-33658,エンスト,レッカー
SO-2504-33672,事故,"追衝突の引き出し,レッカー"
SO-2504-33680,オーバーヒート,レッカー
SO-2504-33707,事故,レッカー
SO-2504-33743,パンク,レッカー
SO-2504-33773,その他,レッカー
SO-2504-33781,ガス欠,ガソリン配達（継続契約）
SO-2504-33785,パンク,スペア交換
SO-2504-33804,事故,レッカー
SO-2504-33815,その他,レッカー
SO-2504-33828,パンク,レッカー
SO-2504-33855,事故,レッカー
SO-2504-33868,バッテリー,ジャンピング
SO-2504-33879,事故,レッカー
SO-2504-33886,バッテリー,バッテリー販売
SO-2504-33902,パンク,レッカー
SO-2504-33947,事故,レッカー
SO-2504-33956,その他,レッカー
SO-2504-33999,エンスト,レッカー
SO-2504-34047,バッテリー,ジャンピング
SO-2504-34051,パンク,レッカー
SO-2504-34074,パンク,スペア交換（事故）
SO-2504-34077,その他,レッカー
SO-2504-34106,エンジン不始動,ジャンピング
SO-2504-34155,エンジン不始動,レッカー
SO-2504-34161,バッテリー,ジャンピング
SO-2504-34280,その他,レッカー
SO-2504-34420,事故,スペア交換（事故）
SO-2504-34471,その他,レッカー
SO-2504-34483,事故,追衝突の引き出し
SO-2504-34527,インロック,インロック（ドア）
SO-2504-34577,その他,レッカー
SO-2504-34581,パンク,スペア交換
SO-2504-34586,パンク,レッカー
SO-2504-34607,バッテリー,ジャンピング
SO-2504-34621,エンスト,レッカー
SO-2504-34652,事故,"横転・転覆・落車,レッカー"
SO-2504-34756,パンク,スペア交換
SO-2504-34879,インロック,インロック（ドア）
SO-2504-34908,エンスト,レッカー
SO-2504-34967,バッテリー,バッテリー販売
SO-2504-34989,事故,レッカー
SO-2504-35000,パンク,レッカー
SO-2504-35013,事故,"レッカー,追衝突の引き出し"
SO-2504-35024,その他,レッカー
SO-2504-35053,パンク,レッカー
SO-2504-35062,その他,レッカー
SO-2504-35194,パンク,レッカー
SO-2504-35230,バッテリー,ジャンピング
SO-2504-35247,パンク,レッカー
SO-2504-35401,パンク,レッカー
SO-2504-35407,インロック,インロック（ドア）
SO-2504-35489,インロック,インロック（ドア）
SO-2504-35492,エンジン不始動,レッカー
SO-2504-35596,エンスト,レッカー
SO-2504-35688,エンスト,レッカー
SO-2504-35801,その他,レッカー
SO-2504-35809,オーバーヒート,レッカー
SO-2504-35850,エンスト,レッカー
SO-2504-36000,事故,レッカー
SO-2504-36022,パンク,レッカー
SO-2504-36028,バッテリー,ジャンピング
SO-2504-36034,その他,ジャンピング
SO-2504-36042,パンク,レッカー
SO-2504-36054,パンク,スペア交換
SO-2504-36099,事故,レッカー
SO-2504-36108,事故,"レッカー,追衝突の引き出し"
SO-2504-36152,事故,ガソリン配達（継続契約）
SO-2504-36240,パンク,レッカー
SO-2504-36286,事故,"脱輪・乗り上げ1本,レッカー"
SO-2504-36308,バッテリー,ジャンピング
SO-2504-36336,エンスト,レッカー
SO-2504-36382,事故,追衝突の引き出し
SO-2504-36453,インロック,インロック（ドア）
SO-2504-36632,その他,レッカー
SO-2504-36635,エンスト,ジャンピング
SO-2504-36673,インロック,インロック（ドア）
SO-2504-36721,エンスト,レッカー
SO-2504-37082,パンク,レッカー
SO-2504-37088,事故,レッカー
SO-2504-37100,その他,"その他（故障）,レッカー"
SO-2504-37102,パンク,レッカー
SO-2504-37117,エンジン不始動,ジャンピング
SO-2504-37196,オーバーヒート,レッカー
SO-2504-37212,パンク,レッカー
SO-2504-37240,その他,レッカー
SO-2504-37262,エンスト,レッカー
SO-2504-37299,インロック,インロック（ドア）
SO-2504-37356,インロック,インロック（ドア）
SO-2504-37366,インロック,インロック（ドア）
SO-2504-37389,バッテリー,"その他（故障）,レッカー"
SO-2504-37424,事故,レッカー
SO-2504-37468,その他,レッカー
SO-2504-37511,その他,レッカー
SO-2504-37526,エンジン不始動,"その他（故障）,レッカー"
SO-2504-37527,エンジン不始動,ジャンピング
SO-2504-37558,パンク,レッカー
SO-2504-37567,エンスト,レッカー
SO-2504-37579,エンスト,レッカー
SO-2504-37734,パンク,レッカー
SO-2504-37773,その他,レッカー
SO-2504-37781,オーバーヒート,レッカー
SO-2504-37941,その他,レッカー
SO-2504-37972,パンク,レッカー
SO-2504-37974,バッテリー,ジャンピング
SO-2504-37998,ガス欠,ガソリン配達（新規契約）
SO-2504-38025,事故,レッカー
SO-2504-38035,バッテリー,ジャンピング
SO-2504-38043,バッテリー,バッテリー販売
SO-2504-38051,バッテリー,ジャンピング
SO-2504-38107,バッテリー,ジャンピング
SO-2504-38179,パンク,レッカー
SO-2504-38407,事故,"横転・転覆・落車,レッカー"
SO-2504-38453,パンク,スペア交換
SO-2504-38457,エンジン不始動,"その他（故障）,レッカー"
SO-2504-38467,エンスト,レッカー
SO-2504-38481,パンク,スペア交換
SO-2504-38486,事故,"レッカー,脱輪・乗り上げ2本超"
SO-2504-38498,パンク,レッカー
SO-2504-38699,エンスト,レッカー
SO-2504-38880,その他,レッカー
SO-2504-38883,バッテリー,バッテリー販売
SO-2504-38888,エンジン不始動,バッテリー販売
SO-2504-38973,オーバーヒート,レッカー
SO-2504-38992,パンク,レッカー
SO-2504-39032,事故,レッカー
SO-2504-39038,バッテリー,バッテリー販売
SO-2504-39076,ガス欠,ガソリン配達（継続契約）
SO-2504-39085,パンク,レッカー
SO-2504-39100,ガス欠,ガソリン配達（新規契約）
SO-2504-39120,バッテリー,バッテリー販売
SO-2504-39134,事故,"追衝突の引き出し,レッカー"
SO-2504-39188,バッテリー,ジャンピング
SO-2504-39253,パンク,レッカー
SO-2504-39315,事故,レッカー
SO-2504-39317,その他,レッカー
SO-2504-39383,パンク,レッカー
SO-2504-39445,その他,レッカー
SO-2504-39478,エンジン不始動,レッカー
SO-2504-39519,事故,"レッカー,追衝突の引き出し"
SO-2504-39562,パンク,レッカー
SO-2504-39600,その他,レッカー
SO-2504-39611,インロック,インロック（ドア）
SO-2504-39742,バッテリー,ジャンピング
SO-2504-39757,バッテリー,ジャンピング
SO-2504-39765,スタック,スタック（無料）
SO-2504-39786,その他,レッカー
SO-2504-39830,バッテリー,"ジャンピング,インロック（ドア）"
SO-2504-39855,インロック,インロック（ドア）
SO-2504-39872,事故,"レッカー,追衝突の引き出し"
SO-2504-39879,パンク,スペア交換（事故）
SO-2504-39932,パンク,レッカー
SO-2504-40023,インロック,インロック（ドア）
SO-2504-40067,パンク,レッカー
SO-2504-40077,エンジン不始動,ジャンピング
SO-2504-40079,パンク,"その他（故障）,レッカー"
SO-2504-40083,パンク,レッカー
SO-2504-40088,パンク,レッカー
SO-2504-40122,その他,レッカー
SO-2504-40133,パンク,レッカー
SO-2504-40236,パンク,レッカー
SO-2504-40326,事故,"レッカー,追衝突の引き出し"
SO-2504-40383,パンク,レッカー
SO-2504-40389,その他,レッカー
SO-2504-40444,インロック,インロック（ドア）
SO-2504-40468,バッテリー,"その他（故障）,レッカー"
SO-2504-40498,エンジン不始動,ジャンピング
SO-2504-40514,事故,"レッカー,その他（事故）"
SO-2504-40525,エンスト,レッカー
SO-2504-40528,事故,"レッカー,横転・転覆・落車"
SO-2504-40555,エンスト,レッカー
SO-2504-40568,パンク,レッカー
SO-2504-40584,バッテリー,ジャンピング
SO-2504-40669,その他,レッカー
SO-2504-40671,事故,追衝突の引き出し
SO-2504-40706,エンスト,レッカー
SO-2504-40779,パンク,レッカー
SO-2504-40858,事故,レッカー
SO-2504-40860,事故,レッカー
SO-2504-40863,パンク,スペア交換
SO-2504-40882,パンク,レッカー
SO-2504-40939,パンク,レッカー
SO-2504-40954,事故,レッカー
SO-2504-40955,ガス欠,ガソリン配達（継続契約）
SO-2504-40958,ガス欠,ガソリン配達（継続契約）
SO-2504-40961,ガス欠,ガソリン配達（継続契約）
SO-2504-40975,事故,レッカー
SO-2504-41008,その他,レッカー
SO-2504-41023,その他,レッカー
SO-2504-41092,エンスト,レッカー
SO-2504-41120,事故,レッカー
SO-2504-41228,その他,レッカー
SO-2504-41282,パンク,パンク修理
SO-2504-41349,その他,その他（故障）
SO-2504-41374,パンク,レッカー
SO-2504-41418,バッテリー,ジャンピング
SO-2504-41420,パンク,レッカー
SO-2504-41428,パンク,レッカー
SO-2504-41517,事故,レッカー
SO-2504-41772,エンスト,レッカー
SO-2504-41835,バッテリー,ジャンピング
SO-2504-41836,バッテリー,ジャンピング
SO-2504-41841,パンク,レッカー
SO-2504-41854,パンク,スペア交換
SO-2504-41861,エンスト,レッカー
SO-2504-41866,パンク,レッカー
SO-2504-41890,パンク,スペア交換（事故）
SO-2504-41895,事故,レッカー
SO-2504-41996,その他,レッカー
SO-2504-42009,,整備後車両回送
SO-2504-42035,パンク,レッカー
SO-2504-42069,パンク,スペア交換（事故）
SO-2504-42072,インロック,インロック（ドア）
SO-2504-42253,パンク,レッカー
SO-2504-42461,事故,"レッカー,脱輪・乗り上げ2本超"
SO-2504-42467,バッテリー,ジャンピング
SO-2504-42469,パンク,レッカー
SO-2504-42477,事故,レッカー
SO-2504-42511,エンスト,レッカー
SO-2504-42552,バッテリー,ジャンピング
SO-2504-42587,その他,レッカー
SO-2504-42641,パンク,レッカー
SO-2504-42688,その他,レッカー
SO-2504-42755,パンク,レッカー
SO-2504-42785,事故,レッカー
SO-2504-42815,事故,レッカー
SO-2504-42817,パンク,スペア交換
SO-2504-42948,事故,レッカー
SO-2504-42974,バッテリー,ジャンピング
SO-2504-42988,ガス欠,ガソリン配達（継続契約）
SO-2504-43004,バッテリー,ジャンピング
SO-2504-43011,その他,レッカー
SO-2504-43018,エンスト,レッカー
SO-2504-43111,パンク,レッカー
SO-2504-43161,インロック,インロック（ドア）
SO-2504-43253,パンク,"レッカー,スペア交換（事故）"
SO-2504-43346,その他,レッカー
SO-2504-43379,バッテリー,ジャンピング
SO-2504-43387,脱輪,脱輪・乗り上げ1本
SO-2504-43398,パンク,レッカー
SO-2504-43445,事故,レッカー
SO-2504-43448,パンク,スペア交換
SO-2504-43465,インロック,インロック（ドア）
SO-2504-43466,その他,レッカー
SO-2504-43499,パンク,レッカー
SO-2504-43544,その他,レッカー
SO-2504-43547,パンク,レッカー
SO-2504-43598,事故,追衝突の引き出し
SO-2504-43728,その他,レッカー
SO-2504-43756,事故,レッカー
SO-2504-43765,その他,その他（故障）
SO-2504-43766,パンク,レッカー
SO-2504-43786,バッテリー,ジャンピング
SO-2504-43876,その他,レッカー
SO-2504-43931,その他,レッカー
SO-2504-43939,バッテリー,ジャンピング
SO-2504-44098,パンク,パンク修理
SO-2504-44150,パンク,スペア交換（事故）
SO-2504-44157,事故,レッカー
SO-2504-44162,パンク,スペア交換（事故）
SO-2504-44217,エンスト,レッカー
SO-2504-44274,事故,レッカー
SO-2504-44290,パンク,レッカー
SO-2504-44314,事故,レッカー
SO-2504-44368,インロック,インロック（ドア）
SO-2504-44380,オーバーヒート,レッカー
SO-2504-44383,エンスト,レッカー
SO-2504-44387,パンク,レッカー
SO-2504-44392,パンク,レッカー
SO-2504-44398,バッテリー,ジャンピング
SO-2504-44414,その他,レッカー
SO-2505-30008,パンク,"レッカー,スペア交換（事故）"
SO-2505-30088,バッテリー,ジャンピング
SO-2505-30122,パンク,レッカー
SO-2505-30124,パンク,レッカー
SO-2505-30218,バッテリー,バッテリー販売
SO-2505-30260,事故,レッカー
SO-2505-30302,その他,レッカー
SO-2505-30324,その他,その他（故障）
SO-2505-30383,その他,"レッカー,その他（故障）"
SO-2505-30389,事故,レッカー
SO-2505-30429,その他,レッカー
SO-2505-30440,その他,レッカー
SO-2505-30444,バッテリー,その他（故障）
SO-2505-30450,エンスト,"ジャンピング,その他（故障）"
SO-2505-30468,パンク,スペア交換
SO-2505-30469,事故,レッカー
SO-2505-30566,パンク,レッカー
SO-2505-30632,パンク,スペア交換（事故）
SO-2505-30656,インロック,インロック（ドア）
SO-2505-30699,パンク,レッカー
SO-2505-30700,パンク,レッカー
SO-2505-30719,インロック,インロック（ドア）
SO-2505-30729,その他,その他（故障）
SO-2505-30841,事故,レッカー
SO-2505-30893,パンク,レッカー
SO-2505-30918,事故,脱輪・乗り上げ2本超
SO-2505-30934,事故,レッカー
SO-2505-30940,エンスト,レッカー
SO-2505-30997,バッテリー,ジャンピング
SO-2505-31000,事故,レッカー
SO-2505-31002,事故,レッカー
SO-2505-31058,エンジン不始動,レッカー
SO-2505-31093,エンスト,レッカー
SO-2505-31105,パンク,レッカー
SO-2505-31132,パンク,レッカー
SO-2505-31144,その他,レッカー
SO-2505-31186,その他,その他（事故）
SO-2505-31317,事故,レッカー
SO-2505-31324,事故,レッカー
SO-2505-31382,エンジン不始動,ガソリン配達（継続契約）
SO-2505-31413,バッテリー,ジャンピング
SO-2505-31419,その他,レッカー
SO-2505-31420,事故,追衝突の引き出し
SO-2505-31473,パンク,レッカー
SO-2505-31492,パンク,レッカー
SO-2505-31525,その他,その他（故障）
SO-2505-31546,事故,レッカー
SO-2505-31667,その他,レッカー
SO-2505-31742,その他,レッカー
SO-2505-31751,脱輪,追衝突の引き出し
SO-2505-31768,スタック,スタック（無料）
SO-2505-31782,オーバーヒート,レッカー
SO-2505-31788,パンク,レッカー
SO-2505-31831,その他,レッカー
SO-2505-31841,事故,レッカー
SO-2505-31860,その他,レッカー
SO-2505-31930,バッテリー,ジャンピング
SO-2505-32020,オーバーヒート,レッカー
SO-2505-32035,その他,レッカー
SO-2505-32043,事故,レッカー
SO-2505-32048,バッテリー,ジャンピング
SO-2505-32052,パンク,レッカー
SO-2505-32066,事故,レッカー
SO-2505-32091,バッテリー,ジャンピング
SO-2505-32253,事故,レッカー
SO-2505-32267,インロック,インロック（ドア）
SO-2505-32335,バッテリー,ジャンピング
SO-2505-32366,その他,レッカー
SO-2505-32381,その他,レッカー
SO-2505-32414,その他,レッカー
SO-2505-32454,その他,レッカー
SO-2505-32471,パンク,レッカー
SO-2505-32506,パンク,レッカー
SO-2505-32514,その他,レッカー
SO-2505-32516,バッテリー,"その他（故障）,レッカー"
SO-2505-32522,エンジン不始動,レッカー
SO-2505-32528,パンク,レッカー
SO-2505-32551,パンク,レッカー
SO-2505-32553,パンク,レッカー
SO-2505-32562,オーバーヒート,レッカー
SO-2505-32572,事故,"レッカー,追衝突の引き出し"
SO-2505-32574,バッテリー,ジャンピング
SO-2505-32578,バッテリー,ジャンピング
SO-2505-32586,その他,その他（故障）
SO-2505-32634,エンスト,レッカー
SO-2505-32815,スタック,スタック（無料）
SO-2505-32842,事故,レッカー
SO-2505-32846,スタック,スタック（無料）
SO-2505-33028,バッテリー,ジャンピング
SO-2505-33032,その他,レッカー
SO-2505-33039,その他,レッカー
SO-2505-33051,バッテリー,ジャンピング
SO-2505-33056,脱輪,"脱輪・乗り上げ1本,レッカー"
SO-2505-33073,パンク,レッカー
SO-2505-33169,パンク,パンク修理
SO-2505-33200,その他,レッカー
SO-2505-33209,エンスト,レッカー
SO-2505-33292,その他,レッカー
SO-2505-33303,その他,レッカー
SO-2505-33351,パンク,レッカー
SO-2505-33504,事故,"レッカー,追衝突の引き出し"
SO-2505-33613,バッテリー,"レッカー,ジャンピング"
SO-2505-33797,その他,その他（故障）
SO-2505-33860,バッテリー,バッテリー販売
SO-2505-33870,その他,レッカー
SO-2505-33872,バッテリー,バッテリー販売
SO-2505-33925,事故,レッカー
SO-2505-34076,バッテリー,ジャンピング
SO-2505-34162,オーバーヒート,レッカー
SO-2505-34163,パンク,スペア交換
SO-2505-34164,その他,レッカー
SO-2505-34217,その他,レッカー
SO-2505-34350,パンク,スペア交換（事故）
SO-2505-34444,ガス欠,ガソリン配達（継続契約）
SO-2505-34534,パンク,スペア交換（事故）
SO-2505-34548,事故,レッカー
SO-2505-34555,パンク,レッカー
SO-2505-34556,バッテリー,ジャンピング
SO-2505-34565,バッテリー,バッテリー販売
SO-2505-34620,その他,レッカー
SO-2505-34628,パンク,レッカー
SO-2505-34647,事故,"レッカー,横転・転覆・落車"
SO-2505-34677,バッテリー,ジャンピング
SO-2505-34690,事故,レッカー
SO-2505-34770,バッテリー,ジャンピング
SO-2505-34823,オーバーヒート,レッカー
SO-2505-34913,事故,レッカー
SO-2505-34947,エンジン不始動,その他（故障）
SO-2505-35004,パンク,レッカー
SO-2505-35007,事故,追衝突の引き出し
SO-2505-35042,事故,レッカー
SO-2505-35068,パンク,レッカー
SO-2505-35093,パンク,レッカー
SO-2505-35119,その他,レッカー
SO-2505-35140,その他,レッカー
SO-2505-35147,パンク,レッカー
SO-2505-35160,バッテリー,ジャンピング
SO-2505-35161,事故,レッカー
SO-2505-35193,事故,レッカー
SO-2505-35223,エンスト,レッカー
SO-2505-35344,その他,レッカー
SO-2505-35401,その他,レッカー
SO-2505-35475,インロック,インロック（ドア）
SO-2505-35555,ガス欠,ガソリン配達（新規契約）
SO-2505-35556,バッテリー,ジャンピング
SO-2505-35565,事故,"レッカー,横転・転覆・落車"
SO-2505-35566,事故,"レッカー,その他（事故）"
SO-2505-35592,事故,"レッカー,追衝突の引き出し"
SO-2505-35652,パンク,スペア交換
SO-2505-35722,事故,レッカー
SO-2505-35749,スタック,スタック（無料）
SO-2505-35826,事故,"レッカー,追衝突の引き出し"
SO-2505-35942,インロック,インロック（ドア）
SO-2505-36116,事故,レッカー
SO-2505-36177,事故,レッカー
SO-2505-36223,インロック,インロック（ドア）
SO-2505-36362,インロック,インロック（ドア）
SO-2505-36414,パンク,レッカー
SO-2505-36440,バッテリー,ジャンピング
SO-2505-36444,バッテリー,ジャンピング
SO-2505-36446,パンク,レッカー
SO-2505-36486,パンク,レッカー
SO-2505-36694,インロック,インロック（ドア）
SO-2505-36698,事故,"レッカー,脱輪・乗り上げ2本超"
SO-2505-36729,その他,レッカー
SO-2505-36807,エンスト,レッカー
SO-2505-36813,パンク,レッカー
SO-2505-36854,その他,レッカー
SO-2505-36906,パンク,レッカー
SO-2505-36990,事故,レッカー
SO-2505-37091,その他,レッカー
SO-2505-37254,バッテリー,ジャンピング
SO-2505-37261,パンク,レッカー
SO-2505-37269,パンク,スペア交換（事故）
SO-2505-37275,その他,レッカー
SO-2505-37299,パンク,スペア交換
SO-2505-37401,その他,レッカー
SO-2505-37523,インロック,インロック（ドア）
SO-2505-37536,エンスト,レッカー
SO-2505-37651,その他,レッカー
SO-2505-37664,その他,レッカー
SO-2505-37678,エンスト,レッカー
SO-2505-37685,インロック,インロック（ドア）
SO-2505-37698,事故,レッカー
SO-2505-37708,その他,その他（故障）
SO-2505-37710,パンク,レッカー
SO-2505-37808,その他,レッカー
SO-2505-37913,エンスト,レッカー
SO-2505-37962,スタック,スタック（無料）
SO-2505-38003,パンク,スペア交換（事故）
SO-2505-38069,バッテリー,バッテリー販売
SO-2505-38170,事故,レッカー
SO-2505-38201,インロック,インロック（ドア）
SO-2505-38222,パンク,レッカー
SO-2505-38229,その他,その他（故障）
SO-2505-38466,その他,"レッカー,その他（故障）"
SO-2505-38476,エンジン不始動,"レッカー,その他（故障）"
SO-2505-38504,事故,"レッカー,脱輪・乗り上げ2本超"
SO-2505-38505,インロック,インロック（ドア）
SO-2505-38516,オーバーヒート,レッカー
SO-2505-38519,エンスト,レッカー
SO-2505-38576,その他,レッカー
SO-2505-38624,インロック,インロック（ドア）
SO-2505-38692,事故,ジャンピング
SO-2505-38702,パンク,レッカー
SO-2505-38705,その他,レッカー
SO-2505-38719,パンク,レッカー
SO-2505-38720,事故,レッカー
SO-2505-38745,パンク,パンク修理
SO-2505-38854,パンク,レッカー
SO-2505-38855,その他,レッカー
SO-2505-38941,その他,レッカー
SO-2505-39127,エンスト,レッカー
SO-2505-39131,パンク,スペア交換（事故）
SO-2505-39133,パンク,レッカー
SO-2505-39136,エンスト,レッカー
SO-2505-39148,エンスト,レッカー
SO-2505-39259,エンジン不始動,レッカー
SO-2505-39320,事故,"レッカー,追衝突の引き出し"
SO-2505-39373,バッテリー,ジャンピング
SO-2505-39492,事故,追衝突の引き出し
SO-2505-39498,パンク,レッカー
SO-2505-39535,その他,レッカー
SO-2505-39539,パンク,スペア交換
SO-2505-39635,パンク,レッカー
SO-2505-39654,パンク,レッカー
SO-2505-39749,エンジン不始動,レッカー
SO-2505-39750,バッテリー,"その他（故障）,レッカー"
SO-2505-39751,事故,"レッカー,横転・転覆・落車"
SO-2505-39847,その他,レッカー
SO-2505-39947,パンク,レッカー
SO-2505-39956,エンスト,レッカー
SO-2505-40013,事故,レッカー
SO-2505-40157,事故,レッカー
SO-2505-40175,事故,レッカー
SO-2505-40203,その他,レッカー
SO-2505-40295,事故,追衝突の引き出し
SO-2505-40307,事故,レッカー
SO-2505-40360,バッテリー,ジャンピング
SO-2505-40375,事故,"レッカー,横転・転覆・落車"
SO-2505-40539,バッテリー,バッテリー販売
SO-2505-40777,パンク,レッカー
SO-2505-40803,パンク,レッカー
SO-2505-40871,脱輪,脱輪・乗り上げ2本超
SO-2505-40927,パンク,レッカー
SO-2505-41099,パンク,レッカー
SO-2505-41254,ガス欠,ガソリン配達（継続契約）
SO-2505-41311,エンスト,"レッカー,その他（故障）"
SO-2505-41686,オーバーヒート,レッカー
SO-2505-41692,エンジン不始動,その他（故障）
SO-2505-41721,エンジン不始動,その他（故障）
SO-2505-41830,エンスト,レッカー
SO-2505-41843,エンスト,レッカー
SO-2505-41864,事故,レッカー
SO-2505-41971,エンスト,レッカー
SO-2505-42054,事故,追衝突の引き出し
SO-2505-42057,バッテリー,ジャンピング
SO-2505-42197,バッテリー,ジャンピング
SO-2505-42233,バッテリー,その他（故障）
SO-2505-42234,バッテリー,バッテリー販売
SO-2505-42268,バッテリー,ジャンピング
SO-2505-42537,その他,ジャンピング
SO-2505-42622,バッテリー,バッテリー販売
SO-2505-42627,インロック,インロック（ドア）
SO-2505-42639,ガス欠,ガソリン配達（継続契約）
SO-2505-42684,インロック,インロック（ドア）
SO-2505-42803,その他,レッカー
SO-2505-42853,インロック,インロック（ドア）
SO-2505-42977,その他,レッカー
SO-2505-43081,バッテリー,ジャンピング
SO-2505-43097,バッテリー,ジャンピング
SO-2505-43108,インロック,インロック（ドア）
SO-2505-43110,バッテリー,ジャンピング
SO-2505-43284,事故,レッカー
SO-2505-43315,その他,レッカー
SO-2505-43491,事故,レッカー
SO-2505-43494,事故,レッカー
SO-2505-43496,バッテリー,ジャンピング
SO-2505-43503,パンク,レッカー
SO-2505-43520,バッテリー,バッテリー販売
SO-2505-43553,事故,追衝突の引き出し
SO-2505-43631,事故,レッカー
SO-2505-43633,その他,レッカー
SO-2505-43775,事故,レッカー
SO-2505-43806,事故,"レッカー,脱輪・乗り上げ1本"
SO-2505-43896,事故,レッカー
SO-2505-43904,バッテリー,ジャンピング
SO-2505-43905,脱輪,脱輪・乗り上げ2本超
SO-2505-43925,その他,レッカー
SO-2505-43935,事故,レッカー
SO-2505-43976,バッテリー,ジャンピング
SO-2505-44222,ガス欠,"レッカー,ガソリン配達（新規契約）"
SO-2505-44306,事故,追衝突の引き出し
SO-2505-44378,パンク,スペア交換（事故）
SO-2505-44404,脱輪,脱輪・乗り上げ2本超
SO-2505-44419,パンク,レッカー
SO-2505-44421,バッテリー,ジャンピング
SO-2505-44430,バッテリー,ジャンピング
SO-2505-44436,パンク,レッカー
SO-2505-44443,インロック,インロック（ドア）
SO-2505-44444,事故,レッカー
